1,-22.82,250,250,0.3738
2,-49.31,608,358,0.3897
3,-36.86,771,163,0.3738
4,-52.85,1099,328,0.3801
5,-25.79,1262,163,0.3659
6,-38.77,1444,182,0.3777
7,-44.61,1710,266,0.3708
8,-24.06,1946,236,0.3701
1,-11.02,1500,1500,8.0929
2,-5.75,3000,1500,2.7434
3,-70.58,4500,1500,3.7837
4,51.74,6000,1500,4.0163
5,10.72,7500,1500,2.7421
6,29.0,9000,1500,0.831
7,9.66,10500,1500,0.7573
8,21.45,12000,1500,0.7882
9,251.63,13500,1500,0.7897
10,22.41,15000,1500,0.746
11,132.31,16500,1500,0.8201
12,67.06,18000,1500,0.7972
13,-29.11,19500,1500,0.7132
14,-27.01,21000,1500,0.7717
15,71.01,22500,1500,0.7423
16,-22.01,24000,1500,0.7624
17,13.65,25500,1500,0.7345
18,-16.79,27000,1500,0.7488
19,81.17,28500,1500,0.6199
20,-95.01,30000,1500,0.7796
21,272.54,31500,1500,1.6239
22,-120.58,33300,1800,1.482
23,215.09,35100,1800,0.3992
1,164.91,1500,1500,7.6001
2,-0.02,3000,1500,1.6168
3,4.39,4500,1500,1.5943
4,47.95,6000,1500,3.5768
5,22.67,7500,1500,0.9021
6,-4.85,9000,1500,0.8106
7,-28.04,10500,1500,0.7447
8,-43.85,12000,1500,0.7396
9,-27.24,13500,1500,0.7173
10,3.45,15000,1500,0.7426
11,23.66,16500,1500,0.746
12,315.42,18000,1500,0.8315
13,-47.55,19800,1800,0.784
14,-16.66,21600,1800,0.724
15,-42.51,23400,1800,0.7857
16,-26.86,25200,1800,0.7928
17,-44.89,27000,1800,0.727
18,-31.46,28800,1800,0.5995
19,-183.7,30600,1800,0.384
20,77.93,32400,1800,0.3794
21,335.67,34200,1800,0.3763
22,-78.09,36300,2100,0.3783
23,268.13,38400,2100,0.3844
24,-138.17,40500,2100,0.3766
25,-304.77,42600,2100,0.3838
26,46.37,44700,2100,0.3861
27,-51.93,46800,2100,0.3738
28,215.84,48900,2100,0.3879
29,305.7,51000,2100,0.3858
30,110.69,53100,2100,0.3851
31,67.38,55200,2100,0.3756
32,282.33,57300,2100,0.3777
33,377.08,59400,2100,0.3775
34,32.25,61500,2100,0.383
35,393.16,63600,2100,0.3788
36,144.0,65700,2100,0.3761
37,103.74,67800,2100,0.3819
38,19.02,69900,2100,0.3802
39,392.26,72000,2100,0.3808
40,95.25,74100,2100,0.3794
41,53.02,76200,2100,0.3846
42,176.34,78300,2100,0.3776
43,149.22,80400,2100,0.3749
44,85.49,82500,2100,0.3727
45,291.74,84600,2100,0.3752
46,9.36,86700,2100,0.382
47,-274.32,88800,2100,0.3716
48,123.45,90900,2100,0.3804
49,13.13,93000,2100,0.3792
50,-25.81,95100,2100,0.3723
51,106.54,97200,2100,0.375
52,117.13,99300,2100,0.3766
53,-22.78,101400,2100,0.379
54,-0.16,103500,2100,0.3743
55,-38.43,105600,2100,0.3788
56,216.61,107700,2100,0.3861
57,55.23,109800,2100,0.3712
58,26.96,111900,2100,0.3797
59,75.51,114000,2100,0.3714
60,-93.53,116100,2100,0.3742
61,-11.64,118200,2100,0.3859
62,122.24,120300,2100,0.3757
63,-80.91,122400,2100,0.3766
64,123.0,124500,2100,0.3821
65,-25.17,126600,2100,0.3717
66,-44.31,128700,2100,0.3784
67,46.19,130800,2100,0.3843
68,21.66,132900,2100,0.3728
69,-91.82,135000,2100,0.3776
70,69.65,137100,2100,0.3825
71,305.14,139200,2100,0.38
72,326.88,141300,2100,0.375
73,-68.09,143400,2100,0.3793
74,188.11,145500,2100,0.3743
75,-45.98,147600,2100,0.3706
76,-9.11,149700,2100,0.3739
77,-225.5,151800,2100,0.3767
78,60.67,153900,2100,0.3742
79,61.23,156000,2100,0.3858
80,-24.49,158100,2100,0.3804
81,-41.26,160200,2100,0.3808
82,-49.08,162300,2100,0.378
83,59.8,164400,2100,0.4357
84,178.7,166500,2100,0.6518
85,-20.28,168600,2100,0.8612
86,-168.95,170700,2100,0.3774
87,63.59,172800,2100,0.3849
88,851.88,174900,2100,0.3775
89,32.69,177000,2100,0.3749
90,265.78,179100,2100,0.3988
91,44.5,181200,2100,0.3807
92,26.06,183300,2100,0.3787
93,14.35,185400,2100,0.3786
94,-37.75,187500,2100,0.3844
95,-34.49,189600,2100,0.391
96,-84.95,191700,2100,0.3739
97,21.24,193800,2100,0.3771
98,-49.85,195900,2100,0.3756
99,94.66,198000,2100,0.3744
100,43.34,200100,2100,0.3808
101,-17.03,202200,2100,0.3841
102,71.41,204300,2100,0.3769
103,300.88,206400,2100,0.3771
104,132.23,208500,2100,0.3798
105,-51.82,210600,2100,0.3955
106,129.21,212700,2100,0.3874
107,-34.25,214800,2100,0.3912
108,-142.44,216900,2100,0.3756
109,-43.21,219000,2100,0.3732
110,-7.92,221100,2100,0.3798
111,220.19,223200,2100,0.3838
112,-86.19,225300,2100,0.3785
113,336.65,227400,2100,0.3757
114,453.42,229500,2100,0.3821
115,-423.4,231600,2100,0.3832
116,353.05,233700,2100,0.3798
117,933.32,235800,2100,0.3718
118,-235.78,237900,2100,0.3706
119,164.49,240000,2100,0.3844
120,-74.46,242100,2100,0.4186
121,144.76,244200,2100,0.7027
122,142.75,246300,2100,0.3859
123,867.58,248400,2100,0.3878
124,-31.94,250500,2100,0.3789
125,816.38,252003,1503,0.3844
126,-67.74,254403,2400,0.3729
127,379.69,256803,2400,0.3745
128,247.88,259203,2400,0.3854
129,-12.84,261603,2400,0.3736
130,-57.64,264003,2400,0.3832
131,130.75,266403,2400,0.3794
132,-20.54,268803,2400,0.3784
133,-134.6,271203,2400,0.3734
134,-20.67,273603,2400,0.376
135,-421.03,276003,2400,0.3829
136,-84.51,278403,2400,0.3789
137,-41.43,280803,2400,0.3779
138,-101.04,283203,2400,0.3786
139,533.23,285603,2400,0.3778
140,-100.1,288003,2400,0.3754
141,-85.21,290403,2400,0.3731
142,-107.33,292803,2400,0.3785
143,-179.41,295203,2400,0.3747
144,-38.44,297603,2400,0.3774
145,-62.67,300003,2400,0.3747
146,-55.23,302403,2400,0.3765
147,-13.09,304803,2400,0.3781
148,-5.47,307203,2400,0.3757
149,-20.95,309603,2400,0.3808
150,-24.6,312003,2400,0.3721
151,63.74,314403,2400,0.3781
152,-4.8,316803,2400,0.3723
153,-118.7,319203,2400,0.3841
154,31.34,321603,2400,0.3778
155,-62.99,324003,2400,0.3848
156,624.15,326113,2110,0.3838
157,-35.56,328513,2400,0.3862
158,-372.31,330913,2400,0.3746
159,-99.08,333313,2400,0.3734
160,-382.0,335713,2400,0.3719
161,-9.62,338113,2400,0.3763
162,108.08,340513,2400,0.3805
163,79.75,342913,2400,0.378
164,-29.87,345313,2400,0.3732
165,589.77,347432,2119,0.3857
166,663.71,348402,970,0.3759
167,-432.86,350802,2400,0.3739
168,-394.83,353202,2400,0.3679
169,-60.56,355602,2400,0.3869
170,-387.18,358002,2400,0.3787
171,-71.48,360402,2400,0.3769
172,-54.95,362802,2400,0.3738
173,266.84,365202,2400,0.3754
174,-40.93,367602,2400,0.3792
175,-57.69,370002,2400,0.3781
176,-45.49,372402,2400,0.3791
177,16.66,374802,2400,0.3889
178,-14.73,377202,2400,0.3777
179,-127.85,379602,2400,0.3895
180,-26.59,382002,2400,0.3906
181,236.72,384402,2400,0.3747
182,-419.72,386802,2400,0.3778
183,-9.59,389202,2400,0.3843
184,279.26,391602,2400,0.3811
185,1.02,394002,2400,0.3721
186,42.24,396402,2400,0.3978
187,-1.27,398802,2400,0.3746
188,77.08,401202,2400,0.391
189,123.04,403602,2400,0.3801
190,-307.0,406002,2400,0.3715
191,15.1,408402,2400,0.3756
192,269.29,410802,2400,0.3835
193,29.43,413202,2400,0.3714
194,826.73,414370,1168,0.3786
195,-300.26,416770,2400,0.3904
196,937.59,417944,1174,0.3771
197,249.66,420344,2400,0.3743
198,57.11,422744,2400,0.379
199,50.74,425144,2400,0.3767
200,900.6,426854,1710,0.3848
201,57.99,429254,2400,0.3787
202,-326.17,431654,2400,0.3796
203,-61.73,434054,2400,0.3799
204,20.85,436454,2400,0.3742
205,-12.97,438854,2400,0.3774
206,250.24,441254,2400,0.3777
207,27.81,443654,2400,0.3788
208,437.16,446054,2400,0.3711
209,-395.67,448454,2400,0.3827
210,42.3,450854,2400,0.3768
211,20.83,453254,2400,0.375
212,-222.78,455654,2400,0.3728
213,-44.84,458054,2400,0.3775
214,-202.25,460454,2400,0.3772
215,-397.25,462854,2400,0.3763
216,125.67,465254,2400,0.3718
217,-30.58,467654,2400,0.3752
218,-38.47,470054,2400,0.3782
219,75.03,472454,2400,0.3815
220,-61.1,474854,2400,0.3735
221,185.14,477254,2400,0.3793
222,-15.33,479654,2400,0.3795
223,26.01,482054,2400,0.3769
224,16.77,484454,2400,0.3743
225,67.14,486854,2400,0.3771
226,-273.84,489254,2400,0.3774
227,5.23,491654,2400,0.381
228,55.56,494054,2400,0.3859
229,-436.49,496454,2400,0.3737
230,21.47,498854,2400,0.4463
231,11.05,501254,2400,0.3977
232,3.39,503654,2400,0.3705
233,68.52,506054,2400,0.3773
234,-100.91,508454,2400,0.3745
235,-2.71,510854,2400,0.376
236,-66.28,513254,2400,0.3818
237,-413.91,515654,2400,0.3771
238,-206.48,518054,2400,0.3789
239,-191.31,520454,2400,0.3882
240,278.08,522854,2400,0.3998
241,-118.74,525254,2400,0.4004
242,29.43,527654,2400,0.382
243,-404.78,530054,2400,0.3754
244,-425.5,532454,2400,0.376
245,99.72,534854,2400,0.3848
246,30.95,537254,2400,0.3827
247,136.19,539654,2400,0.373
248,-4.48,542054,2400,0.3776
249,149.53,544454,2400,0.3881
250,59.46,546854,2400,0.3884
251,-26.1,549254,2400,0.3753
252,-394.45,551654,2400,0.3736
253,-91.24,554054,2400,0.3757
254,-19.75,556454,2400,0.3802
255,-84.06,558854,2400,0.3755
256,14.66,561254,2400,0.3833
257,104.2,563654,2400,0.3832
258,-129.32,566054,2400,0.3831
259,-113.98,568454,2400,0.3811
260,361.39,570854,2400,0.3831
261,200.87,573254,2400,0.3826
262,-128.2,575654,2400,0.38
263,-393.86,578054,2400,0.3822
264,-36.89,580454,2400,0.3794
265,-374.04,582854,2400,0.3734
266,-100.02,585254,2400,0.3855
267,-146.33,587654,2400,0.3795
268,-110.48,590054,2400,0.3803
269,49.41,592454,2400,0.3744
270,45.23,594854,2400,0.3803
271,-60.51,597254,2400,0.381
272,-406.81,599654,2400,0.3749
273,54.82,602054,2400,0.3795
274,-412.5,604454,2400,0.3839
275,-40.0,606854,2400,0.377
276,86.96,609254,2400,0.3834
277,61.28,611654,2400,0.3838
278,-421.46,614054,2400,0.3838
279,114.61,616454,2400,0.3829
280,-89.58,618854,2400,0.3911
281,-57.77,621254,2400,0.3782
282,233.25,623654,2400,0.3816
283,-151.87,626054,2400,0.3794
284,-392.08,628454,2400,0.3771
285,-395.66,630854,2400,0.3746
286,-67.7,633254,2400,0.369
287,465.45,635654,2400,0.3794
288,11.37,638054,2400,0.3819
289,314.38,640454,2400,0.3769
290,-37.97,642854,2400,0.3844
291,-349.35,645254,2400,0.3767
292,36.6,647654,2400,0.3749
293,-329.34,650054,2400,0.3848
294,-83.89,652454,2400,0.3739
295,-346.72,654854,2400,0.3726
296,-59.77,657254,2400,0.3799
297,-91.73,659654,2400,0.3871
298,-68.91,662054,2400,0.3757
299,279.9,664454,2400,0.375
300,-48.01,666854,2400,0.3779
301,-55.11,669254,2400,0.384
302,-221.19,671654,2400,0.3771
303,81.88,674054,2400,0.3749
304,728.82,675736,1682,0.3728
305,-450.04,678136,2400,0.384
306,667.0,680465,2329,0.382
307,33.63,682865,2400,0.3799
308,-366.8,685265,2400,0.3734
309,30.99,687665,2400,0.3746
310,-361.6,690065,2400,0.3762
311,129.69,692465,2400,0.3742
312,442.52,694865,2400,0.3829
313,125.75,697265,2400,0.3822
314,148.64,699665,2400,0.3763
315,-407.46,702065,2400,0.3757
316,102.14,704465,2400,0.3757
317,184.87,706865,2400,0.3751
318,10.4,709265,2400,0.3735
319,290.21,711665,2400,0.3813
320,141.94,714065,2400,0.3775
321,235.81,716465,2400,0.3768
322,200.33,718865,2400,0.3761
323,-165.7,721265,2400,0.376
324,196.65,723665,2400,0.3762
325,108.09,726065,2400,0.3794
326,225.71,728465,2400,0.379
327,-26.15,730865,2400,0.3739
328,-214.2,733265,2400,0.3825
329,206.63,735665,2400,0.3798
330,-12.91,738065,2400,0.3752
331,-58.91,740465,2400,0.3786
332,-24.43,742865,2400,0.3789
333,-314.44,745265,2400,0.374
334,-263.68,747665,2400,0.3856
335,-196.09,750065,2400,0.3739
336,-1.56,752465,2400,0.3804
337,-0.35,754865,2400,0.3804
338,-431.57,757265,2400,0.3786
339,-300.12,759665,2400,0.3761
340,-0.83,762065,2400,0.3805
341,-79.56,764465,2400,0.3812
342,-335.94,766865,2400,0.381
343,-153.6,769265,2400,0.376
344,-108.77,771665,2400,0.3785
345,86.77,774065,2400,0.3829
346,-120.5,776465,2400,0.3818
347,-83.32,778865,2400,0.3805
348,24.69,781265,2400,0.3765
349,-139.29,783665,2400,0.3782
350,15.25,786065,2400,0.3865
351,-13.07,788465,2400,0.3744
352,-50.72,790865,2400,0.3714
353,-144.78,793265,2400,0.379
354,-413.04,795665,2400,0.377
355,-316.37,798065,2400,0.3773
356,-6.58,800465,2400,0.3765
357,233.24,802865,2400,0.3935
358,-426.9,805265,2400,0.3803
359,-341.23,807665,2400,0.3726
360,392.52,810065,2400,0.3817
361,32.36,812465,2400,0.3804
362,-48.08,814865,2400,0.3734
363,143.01,817265,2400,0.3802
364,324.04,819665,2400,0.376
365,-115.12,822065,2400,0.3863
366,-465.57,824465,2400,0.3885
367,-171.47,826865,2400,0.3769
368,-25.08,829265,2400,0.3817
369,-189.6,831665,2400,0.3763
370,336.8,834065,2400,0.3763
371,75.28,836465,2400,0.3752
372,32.66,838865,2400,0.3706
373,150.93,841265,2400,0.3753
374,52.72,843665,2400,0.382
375,120.52,846065,2400,0.3816
376,-36.91,848465,2400,0.3815
377,-149.42,850865,2400,0.3818
378,-137.22,853265,2400,0.3749
379,-126.69,855665,2400,0.3787
380,-181.27,858065,2400,0.3818
381,-177.35,860465,2400,0.376
382,-56.78,862865,2400,0.3756
383,-117.68,865265,2400,0.3777
384,702.28,867665,2400,0.3778
385,-38.49,870065,2400,0.3766
386,179.94,872465,2400,0.3852
387,255.25,874865,2400,0.3797
388,-143.84,877265,2400,0.3824
389,-144.53,879665,2400,0.3794
390,178.18,882065,2400,0.3705
391,10.95,884465,2400,0.3863
392,174.87,886865,2400,0.389
393,-24.96,889265,2400,0.3806
394,14.31,891665,2400,0.3831
395,496.4,894065,2400,0.3797
396,854.09,896019,1954,0.3807
397,266.48,898419,2400,0.3763
398,11.7,900819,2400,0.3819
399,-142.39,903219,2400,0.3791
400,76.77,905619,2400,0.3806
401,-327.48,908019,2400,0.3772
402,58.37,910419,2400,0.3805
403,-164.15,912819,2400,0.371
404,-70.18,915219,2400,0.3791
405,-65.04,917619,2400,0.3883
406,248.92,920019,2400,0.3819
407,-17.04,922419,2400,0.3838
408,-61.8,924819,2400,0.3743
409,-515.65,927219,2400,0.3749
410,-450.56,929619,2400,0.3791
411,-66.73,932019,2400,0.375
412,-344.58,934419,2400,0.3795
413,36.15,936819,2400,0.3763
414,706.2,938752,1933,0.3782
415,18.65,941152,2400,0.3838
416,128.82,943552,2400,0.3752
417,-106.59,945952,2400,0.3749
418,132.67,948352,2400,0.3762
419,374.51,950752,2400,0.3768
420,-153.33,953152,2400,0.3834
421,50.65,955552,2400,0.3721
422,232.93,957952,2400,0.3782
423,-173.63,960352,2400,0.3807
424,-317.67,962752,2400,0.3811
425,-55.02,965152,2400,0.3769
426,-140.65,967552,2400,0.3862
427,-57.83,969952,2400,0.3816
428,-441.21,972352,2400,0.3692
429,-483.7,974752,2400,0.3823
430,-337.24,977152,2400,0.3763
431,-113.81,979552,2400,0.3827
432,-469.54,981952,2400,0.413
433,-113.61,984352,2400,0.3719
434,-69.16,986752,2400,0.3819
435,-25.12,989152,2400,0.3743
436,-339.03,991552,2400,0.3718
437,62.31,993952,2400,0.3835
438,-339.28,996352,2400,0.3754
439,-163.6,998752,2400,0.3805
440,-378.45,1001152,2400,0.3732
441,-56.72,1003552,2400,0.3781
442,-412.62,1005952,2400,0.3736
443,-120.18,1008352,2400,0.3765
444,-140.9,1010752,2400,0.3776
445,-484.85,1013152,2400,0.3746
446,-6.04,1015552,2400,0.3824
447,-124.29,1017952,2400,0.3835
448,-95.5,1020352,2400,0.3799
449,-58.63,1022752,2400,0.3783
450,-145.31,1025152,2400,0.3839
451,-48.41,1027552,2400,0.3744
452,-117.93,1029952,2400,0.3795
453,-31.96,1032352,2400,0.3841
454,5.1,1034752,2400,0.3776
455,-110.02,1037152,2400,0.3796
456,536.07,1039552,2400,0.3807
457,600.89,1041739,2187,0.3781
458,12.4,1044139,2400,0.3812
459,-43.49,1046539,2400,0.3766
460,-366.34,1048939,2400,0.3811
461,-6.14,1051339,2400,0.374
462,-99.19,1053739,2400,0.3821
463,-117.22,1056139,2400,0.3872
464,-3.07,1058539,2400,0.3798
465,-57.8,1060939,2400,0.3739
466,-22.64,1063339,2400,0.3785
467,0.39,1065739,2400,0.3811
468,-232.86,1068139,2400,0.3698
469,-45.82,1070539,2400,0.3783
470,-230.37,1072939,2400,0.3879
471,-180.87,1075339,2400,0.3792
472,-203.36,1077739,2400,0.376
473,-168.21,1080139,2400,0.3775
474,-115.95,1082539,2400,0.377
475,-141.07,1084939,2400,0.3795
476,73.55,1087339,2400,0.3775
477,98.42,1089739,2400,0.3742
478,9.92,1092139,2400,0.3776
479,-28.87,1094539,2400,0.3806
480,-97.91,1096939,2400,0.3768
481,-306.83,1099339,2400,0.376
482,-392.08,1101739,2400,0.3827
483,-331.24,1104139,2400,0.3773
484,-373.34,1106539,2400,0.3752
485,-103.46,1108939,2400,0.3755
486,170.13,1111339,2400,0.3795
487,-379.27,1113739,2400,0.3776
488,-31.28,1116139,2400,0.3798
489,-237.03,1118539,2400,0.3855
490,608.61,1120002,1463,0.3877
491,-471.19,1122402,2400,0.3816
492,-429.08,1124802,2400,0.3727
493,269.63,1127202,2400,0.3742
494,76.71,1129602,2400,0.3739
495,-394.08,1132002,2400,0.3698
496,-52.06,1134402,2400,0.3823
497,-130.89,1136802,2400,0.3819
498,314.05,1139202,2400,0.5152
499,-286.3,1141602,2400,0.8549
500,8.09,1144002,2400,1.0558
501,-92.42,1146402,2400,0.3929
502,-47.56,1148802,2400,0.4077
503,-124.24,1151202,2400,0.5855
504,-55.97,1153602,2400,0.3797
505,-455.26,1156002,2400,0.3934
506,166.46,1158402,2400,0.3786
507,-448.57,1160802,2400,0.385
508,316.18,1163202,2400,0.4091
509,-106.44,1165602,2400,0.871
510,-126.7,1168002,2400,0.8618
511,617.1,1168861,859,1.6784
512,-159.3,1171261,2400,0.5763
513,-477.65,1173661,2400,1.5934
514,-74.63,1176061,2400,0.3909
515,4.33,1178461,2400,0.3943
516,-406.82,1180861,2400,1.3759
517,-288.18,1183261,2400,1.0078
518,-101.04,1185661,2400,1.627
519,54.71,1188061,2400,0.7969
520,-60.3,1190461,2400,2.1072
521,-11.53,1192861,2400,1.1911
522,-274.8,1195261,2400,1.2776
523,-524.93,1197661,2400,0.922
524,-297.99,1200061,2400,1.0192
